title,rating_avg,rating_count
Animals & Men 48,5.00,1.00
Humanoid Encounters 1960-1964 : The Others amongst Us,5.00,1.00
Classic Pens : The 50 Greatest Games in Pittsburgh Penguins History,5.00,1.00
El libro de oro de Saint Germain,5.00,1.00
El Kit del Pendulo,5.00,1.00
Zero Waste in the Bathroom : 85 tips how to implement a zero waste strategy in your home and life,5.00,1.00
Gateway To The Heavens,5.00,1.00
Awakened By Death : Stories of Transformation,5.00,1.00
2011 NHL Draft Guide (Color Edition) : Color Version,5.00,1.00
Modern and Traditional Grammatical Terms,5.00,1.00
